DATE,DCOILWTICO,SP500,Gold,DEXUSEU
2014-12-01,68.98,2053.44,1194,1.249
2014-12-02,66.99,2066.55,1195,1.239
2014-12-03,67.3,2074.33,1204.75,1.2304
2014-12-04,66.73,2071.92,1209,1.2432
2014-12-05,65.89,2075.37,1194,1.2304
2014-12-08,63.13,2060.31,1193,1.2292
2014-12-09,63.74,2059.82,1227,1.2415
2014-12-10,60.99,2026.14,1229,1.2425
2014-12-11,60.01,2035.33,1216.25,1.2397
2014-12-12,57.81,2002.33,1217,1.2484
2014-12-15,55.96,1989.63,1209.25,1.247
2014-12-16,55.97,1972.74,1202.5,1.2504
2014-12-17,56.43,2012.89,1195.75,1.2406
2014-12-18,54.18,2061.23,1199,1.2291
2014-12-19,56.91,2070.65,1195.5,1.2235
2014-12-22,55.25,2078.54,1195.25,1.2252
2014-12-23,56.78,2082.17,1175.75,1.218
2014-12-29,53.46,2090.57,1185.5,1.2179
2014-12-30,54.14,2080.35,1206,1.2174
2015-01-02,52.72,2058.2,1172,1.2015
2015-01-05,50.05,2020.58,1200,1.1918
2015-01-06,47.98,2002.61,1210.25,1.1936
2015-01-07,48.69,2025.9,1210.5,1.182
2015-01-08,48.8,2062.14,1215.5,1.1811
2015-01-09,48.35,2044.81,1217.75,1.183
2015-01-12,46.06,2028.26,1226.5,1.1832
2015-01-13,45.92,2023.03,1231.5,1.1779
2015-01-14,48.49,2011.27,1235,1.1806
2015-01-15,46.37,1992.67,1259,1.1598
2015-01-16,48.49,2019.42,1277.5,1.1517
2015-01-20,46.79,2022.55,1288.75,1.1559
2015-01-21,47.85,2032.12,1293.5,1.1584
2015-01-22,45.93,2063.15,1295.75,1.1414
2015-01-23,45.26,2051.82,1294.75,1.1279
2015-01-26,44.8,2057.09,1281.25,1.129
2015-01-27,45.84,2029.55,1288.5,1.137
2015-01-28,44.08,2002.16,1288,1.1342
2015-01-29,44.12,2021.25,1268.75,1.1308
2015-01-30,47.79,1994.99,1260.25,1.129
2015-02-02,49.25,2020.85,1272.5,1.1337
2015-02-03,53.04,2050.03,1264.25,1.1462
2015-02-04,48.45,2041.51,1268.5,1.1418
2015-02-05,50.48,2062.52,1259.25,1.1432
2015-02-06,51.66,2055.47,1241,1.133
2015-02-09,52.99,2046.74,1238.5,1.1316
2015-02-10,50.06,2068.59,1234.5,1.1316
2015-02-11,48.8,2068.53,1223.75,1.13
2015-02-12,51.17,2088.48,1222.5,1.141
2015-02-13,52.66,2096.99,1232.5,1.1408
2015-02-17,53.56,2100.34,1209.5,1.1395
2015-02-18,52.13,2099.68,1206,1.1342
2015-02-19,51.12,2097.45,1209.5,1.1392
2015-02-20,49.95,2110.3,1208.25,1.1372
2015-02-23,49.56,2109.66,1204.5,1.1346
2015-02-24,48.48,2115.48,1192.5,1.1307
2015-02-25,50.25,2113.86,1204.75,1.1363
2015-02-26,47.65,2110.74,1208.25,1.1212
2015-02-27,49.84,2104.5,1214,1.1197
2015-03-02,49.59,2117.39,1212.5,1.119
2015-03-03,50.43,2107.78,1212.75,1.1212
2015-03-04,51.53,2098.53,1199.5,1.107
2015-03-05,50.76,2101.04,1202,1.1006
2015-03-06,49.61,2071.26,1175.75,1.0855
2015-03-09,49.95,2079.43,1168.5,1.0846
2015-03-10,48.42,2044.16,1162,1.0707
2015-03-11,48.06,2040.24,1150,1.0576
2015-03-12,47.12,2065.95,1152.25,1.0615
2015-03-13,44.88,2053.4,1152,1.0524
2015-03-16,43.93,2081.19,1150.75,1.0575
2015-03-17,43.39,2074.28,1150.75,1.0605
2015-03-18,44.63,2099.5,1147.25,1.0643
2015-03-19,44.02,2089.27,1166,1.0621
2015-03-20,46,2108.1,1183.1,1.0792
2015-03-23,47.4,2104.42,1186.25,1.0928
2015-03-24,47.03,2091.5,1191.5,1.0908
2015-03-25,48.75,2061.05,1195.6,1.0986
2015-03-26,51.41,2056.15,1203.15,1.0919
2015-03-27,48.83,2061.02,1195.75,1.0891
2015-03-30,48.66,2086.24,1185.5,1.0818
2015-03-31,47.72,2067.89,1187,1.0741
2015-04-01,50.12,2059.69,1197,1.0768
2015-04-02,49.13,2066.96,1198.5,1.0874
2015-04-07,53.95,2076.33,1211,1.085
2015-04-08,50.44,2081.9,1207.25,1.0818
2015-04-09,50.79,2091.18,1194.8,1.0671
2015-04-10,51.63,2102.06,1207.35,1.0598
2015-04-13,51.95,2092.43,1198.9,1.0582
2015-04-14,53.3,2095.84,1194.75,1.0672
2015-04-15,56.25,2106.63,1192.9,1.0596
2015-04-16,56.69,2104.99,1204.35,1.0742
2015-04-17,55.71,2081.18,1203.35,1.078
2015-04-20,56.37,2100.4,1196.5,1.0763
2015-04-21,55.58,2097.29,1195.3,1.0758
2015-04-22,56.17,2107.96,1189.25,1.0729
2015-04-23,56.59,2112.93,1185.75,1.0803
2015-04-24,55.98,2117.69,1183,1.0876
2015-04-27,55.56,2108.92,1200,1.0892
2015-04-28,57.05,2114.76,1209,1.0979
2015-04-29,58.55,2106.85,1209,1.1174
2015-04-30,59.62,2085.51,1180.25,1.1162
2015-05-01,59.1,2108.29,1175.95,1.1194
2015-05-05,60.38,2089.46,1197,1.1174
2015-05-06,60.93,2080.15,1194.25,1.1345
2015-05-07,58.99,2088,1187,1.1283
2015-05-08,59.41,2116.1,1186,1.1241
2015-05-11,59.23,2105.33,1189.25,1.1142
2015-05-12,60.72,2099.12,1191.5,1.124
2015-05-13,60.5,2098.48,1210.5,1.1372
2015-05-14,59.89,2121.1,1225,1.1368
2015-05-15,59.73,2122.73,1220.5,1.1428
2015-05-18,59.44,2129.2,1223.5,1.1354
2015-05-19,57.3,2127.83,1214.3,1.1151
2015-05-20,58.96,2125.85,1210.5,1.1079
2015-05-21,60.18,2130.82,1205,1.1126
2015-05-22,58.88,2126.06,1204.1,1.1033
2015-05-26,57.29,2104.2,1185.4,1.0876
2015-05-27,57.51,2123.48,1185.85,1.0888
2015-05-28,57.69,2120.79,1185,1.0914
2015-05-29,60.25,2107.39,1191.4,1.0994
2015-06-01,60.24,2111.73,1199.9,1.0913
2015-06-02,61.3,2109.6,1192.8,1.113
2015-06-03,59.67,2114.07,1190,1.1285
2015-06-04,58,2095.84,1176,1.1271
2015-06-05,59.11,2092.83,1164.6,1.1108
2015-06-08,58.15,2079.28,1172.8,1.1232
2015-06-09,60.15,2080.15,1177.4,1.1284
2015-06-10,61.36,2105.2,1188.5,1.1307
2015-06-11,60.74,2108.86,1178.5,1.1236
2015-06-12,59.96,2094.11,1182.8,1.1278
2015-06-15,59.53,2084.43,1181.4,1.1266
2015-06-16,60.01,2096.29,1177.75,1.1238
2015-06-17,59.89,2100.44,1178,1.1244
2015-06-18,60.41,2121.24,1201.85,1.1404
2015-06-19,59.62,2109.99,1203.4,1.1335
2015-06-22,60.01,2122.85,1185.5,1.1378
2015-06-23,61.05,2124.2,1178,1.119
2015-06-24,60.01,2108.58,1173.75,1.1178
2015-06-25,59.59,2102.31,1172.65,1.1196
2015-06-26,59.41,2101.49,1170.5,1.1156
2015-06-29,58.34,2057.64,1176,1.118
2015-06-30,59.48,2063.11,1171,1.1154
2015-07-01,56.94,2077.42,1168,1.1084
2015-07-02,56.93,2076.78,1165.25,1.109
2015-07-06,52.48,2068.76,1166,1.1076
2015-07-07,52.33,2081.34,1156.25,1.0952
2015-07-08,51.61,2046.68,1158.5,1.1072
2015-07-09,52.76,2051.31,1164.25,1.1025
2015-07-10,52.74,2076.62,1159.3,1.115
2015-07-13,52.19,2099.6,1154,1.102
2015-07-14,53.05,2108.95,1157.4,1.1015
2015-07-15,51.4,2107.4,1147.4,1.0965
2015-07-16,50.9,2124.29,1144.4,1.0898
2015-07-17,50.88,2126.64,1132.8,1.0848
2015-07-20,50.11,2128.28,1104.6,1.085
2015-07-21,50.59,2119.21,1105.6,1.0927
2015-07-22,49.27,2114.15,1088.6,1.0884
2015-07-23,48.11,2102.15,1097.4,1.0976
2015-07-24,47.98,2079.65,1080.8,1.0976
2015-07-27,47.17,2067.64,1100,1.1112
2015-07-28,47.97,2093.25,1096.2,1.1055
2015-07-29,48.77,2108.57,1090.25,1.1026
2015-07-30,48.53,2108.63,1087.5,1.0914
2015-07-31,47.11,2103.84,1098.4,1.1028
2015-08-03,45.25,2098.04,1091.9,1.0962
2015-08-04,45.75,2093.32,1090.65,1.0953
2015-08-05,45.13,2099.84,1085.1,1.0868
2015-08-06,44.69,2083.56,1089.75,1.0922
2015-08-07,43.87,2077.57,1093.5,1.0958
2015-08-10,44.94,2104.18,1097,1.0994
2015-08-11,43.11,2084.07,1108.25,1.1042
2015-08-12,43.22,2086.05,1119,1.1198
2015-08-13,42.27,2083.39,1116.75,1.1144
2015-08-14,42.45,2091.54,1118.25,1.111
2015-08-17,41.93,2102.44,1118.8,1.1078
2015-08-18,42.58,2096.92,1111.45,1.1028
2015-08-19,40.75,2079.61,1126.15,1.1061
2015-08-20,41,2035.73,1147.7,1.12
2015-08-21,40.45,1970.89,1156.5,1.1356
2015-08-24,38.22,1893.21,1166.5,1.158
2015-08-25,39.15,1867.61,1137.5,1.141
2015-08-26,38.5,1940.51,1120.75,1.139
2015-08-27,42.47,1987.66,1119,1.1239
2015-08-28,45.29,1988.87,1135,1.1172
2015-09-01,45.38,1913.85,1142.3,1.1263
2015-09-02,46.3,1948.86,1137.75,1.1242
2015-09-03,46.75,1951.13,1128,1.1104
2015-09-04,46.02,1921.22,1118.25,1.1117
2015-09-08,45.92,1969.41,1121.15,1.1182
2015-09-09,44.13,1942.04,1109.85,1.1165
2015-09-10,45.85,1952.29,1109.5,1.1262
2015-09-11,44.75,1961.05,1100.25,1.1338
2015-09-14,44.07,1953.03,1104.8,1.1307
2015-09-15,44.58,1978.09,1105.95,1.126
2015-09-16,47.12,1995.31,1117.6,1.1304
2015-09-17,46.93,1990.2,1117.5,1.1312
2015-09-18,44.71,1958.03,1141.5,1.1358
2015-09-21,46.67,1966.97,1133.25,1.1204
2015-09-22,46.17,1942.74,1122.9,1.1133
2015-09-23,44.53,1938.76,1131.35,1.116
2015-09-24,44.94,1932.24,1154.5,1.1252
2015-09-25,45.55,1931.34,1146.65,1.1192
2015-09-28,44.4,1881.77,1131.05,1.1236
2015-09-29,45.24,1884.09,1132.1,1.1246
2015-09-30,45.06,1920.03,1114,1.1162
2015-10-01,44.75,1923.82,1119,1.12
2015-10-02,45.54,1951.36,1140.75,1.1276
2015-10-05,46.28,1987.05,1139.75,1.12
2015-10-06,48.53,1979.92,1147.5,1.1266
2015-10-07,47.86,1995.83,1144.6,1.1249
2015-10-08,49.46,2013.43,1140,1.1282
2015-10-09,49.67,2014.89,1151.55,1.1363
2015-10-13,46.7,2003.69,1165.2,1.1382
2015-10-14,46.63,1994.24,1173.9,1.1437
2015-10-15,46.38,2023.86,1184.25,1.1418
2015-10-16,47.3,2033.11,1180.85,1.136
2015-10-19,45.91,2033.66,1175.4,1.132
2015-10-20,45.84,2030.77,1177.75,1.1359
2015-10-21,45.22,2018.94,1167.1,1.1345
2015-10-22,44.9,2052.51,1167,1.114
2015-10-23,43.91,2075.15,1161.25,1.1016
2015-10-26,43.19,2071.18,1166.4,1.1051
2015-10-27,43.21,2065.89,1165.7,1.1052
2015-10-28,45.93,2090.35,1179.6,1.1066
2015-10-29,46.02,2089.41,1148.6,1.0963
2015-10-30,46.6,2079.36,1142.35,1.1042
2015-11-02,46.12,2104.05,1134,1.1026
2015-11-03,47.88,2109.79,1123.1,1.0946
2015-11-04,46.32,2102.31,1114.7,1.0861
2015-11-05,45.27,2099.93,1106.3,1.0869
2015-11-06,44.32,2099.2,1088.9,1.0746
2015-11-09,43.87,2078.58,1089.6,1.0767
2015-11-10,44.23,2081.72,1087.1,1.0686
2015-11-12,41.74,2045.97,1087.4,1.0768
2015-11-13,40.69,2023.04,1081.5,1.0722
2015-11-16,41.68,2053.19,1084.75,1.0708
2015-11-17,40.73,2050.44,1079.2,1.0634
2015-11-18,40.75,2083.58,1067.75,1.0638
2015-11-19,40.55,2081.24,1082.6,1.0746
2015-11-20,39.39,2089.17,1081.75,1.066
2015-11-23,39.27,2086.59,1070.5,1.0602
2015-11-24,40.89,2089.14,1076.4,1.0652
2015-11-25,41.22,2088.87,1068,1.0616
2015-11-27,40.57,2090.11,1057.4,1.0596
2015-11-30,40.43,2080.41,1061.9,1.0562
2015-12-01,40.58,2102.63,1065.4,1.062
2015-12-02,39.93,2079.51,1055.4,1.0573
2015-12-03,41.08,2049.62,1055.45,1.0902
2015-12-04,40,2091.69,1079.25,1.0884
2015-12-07,37.64,2077.07,1075.8,1.084
2015-12-08,37.46,2063.59,1072.1,1.0876
2015-12-09,37.16,2047.62,1081,1.0984
2015-12-10,36.76,2052.23,1071,1.0948
2015-12-11,35.65,2012.37,1072.5,1.1002
2015-12-14,36.31,2021.94,1068.25,1.1025
2015-12-15,37.32,2043.41,1061.5,1.0911
2015-12-16,35.55,2073.07,1075.25,1.0937
2015-12-17,34.98,2041.89,1049.4,1.0804
2015-12-18,34.72,2005.55,1062.5,1.0847
2015-12-21,34.55,2021.15,1078.75,1.092
2015-12-22,36.12,2038.97,1074.9,1.0978
2015-12-23,36.76,2064.29,1068.25,1.0875
2015-12-29,37.88,2078.36,1070.1,1.0916
2015-12-30,36.59,2063.36,1060,1.0912
2016-01-04,36.81,2012.66,1082.25,1.0803
2016-01-05,35.97,2016.71,1077,1.0743
2016-01-06,33.97,1990.26,1091.4,1.0762
2016-01-07,33.29,1943.09,1106.35,1.086
2016-01-08,33.2,1922.03,1101.85,1.0885
2016-01-11,31.42,1923.67,1100.75,1.0878
2016-01-12,30.42,1938.68,1085.4,1.0837
2016-01-13,30.42,1890.28,1088.15,1.0862
2016-01-14,31.22,1921.84,1088.4,1.0862
2016-01-15,29.45,1880.33,1093.75,1.0964
2016-01-19,28.47,1881.33,1086.25,1.0906
2016-01-20,26.68,1859.33,1101.75,1.0908
2016-01-21,29.55,1868.99,1096.5,1.0833
2016-01-22,32.07,1906.9,1096.25,1.0814
2016-01-25,30.31,1877.08,1106.6,1.0832
2016-01-26,29.54,1903.63,1113.6,1.0846
2016-01-27,32.32,1882.95,1116.25,1.0867
2016-01-28,33.21,1893.36,1114,1.0952
2016-01-29,33.66,1940.24,1111.8,1.0832
2016-02-01,31.62,1939.38,1126.5,1.0888
2016-02-02,29.9,1903.03,1128.5,1.0908
2016-02-03,32.29,1912.53,1132,1.1051
2016-02-04,31.63,1915.45,1156.35,1.1199
2016-02-05,30.86,1880.05,1150.35,1.1131
2016-02-08,29.71,1853.44,1193.25,1.117
2016-02-09,27.96,1852.21,1191,1.13
2016-02-10,27.54,1851.86,1190,1.1222
2016-02-11,26.19,1829.08,1241,1.1362
2016-02-12,29.32,1864.78,1239.75,1.1235
2016-02-16,29.05,1895.58,1209.5,1.114
2016-02-17,30.68,1926.82,1210,1.114
2016-02-18,30.77,1917.83,1210.1,1.1092
2016-02-19,29.59,1917.78,1231.15,1.1127
2016-02-22,31.37,1945.5,1211,1.1018
2016-02-23,31.84,1921.27,1221.35,1.1016
2016-02-24,30.35,1929.8,1250.75,1.1021
2016-02-25,31.4,1951.7,1236,1.1026
2016-02-26,31.65,1948.05,1226.5,1.0932
2016-02-29,32.74,1932.23,1234.9,1.0868
2016-03-01,34.39,1978.35,1236.5,1.0847
2016-03-02,34.57,1986.45,1239.2,1.0845
2016-03-03,34.56,1993.4,1250.25,1.0948
2016-03-04,35.91,1999.99,1277.5,1.101
2016-03-07,37.9,2001.76,1267.9,1.1004
2016-03-08,36.67,1979.26,1267,1.1028
2016-03-09,37.62,1989.26,1246.4,1.1022
2016-03-10,37.77,1989.57,1266.5,1.1162
2016-03-11,38.51,2022.19,1264.75,1.118
2016-03-14,37.2,2019.64,1242.75,1.1107
2016-03-15,36.32,2015.93,1232,1.1112
2016-03-16,38.43,2027.22,1228.5,1.1075
2016-03-17,40.17,2040.59,1266.5,1.1316
2016-03-18,39.47,2049.58,1252.1,1.1292
2016-03-21,39.91,2051.6,1244.9,1.126
2016-03-22,41.45,2049.8,1252.5,1.1228
2016-03-23,38.28,2036.71,1217.6,1.1174
2016-03-24,38.14,2035.94,1221,1.1163
2016-03-29,36.91,2055.01,1226,1.1204
2016-03-30,36.91,2063.95,1236.25,1.133
2016-03-31,36.94,2059.74,1237,1.139
2016-04-01,35.36,2072.78,1213.6,1.1385
2016-04-04,34.3,2066.13,1219.75,1.1386
2016-04-05,34.52,2045.17,1231.25,1.1374
2016-04-06,37.74,2066.66,1221.4,1.143
2016-04-07,37.3,2041.91,1242.1,1.1386
2016-04-08,39.74,2047.6,1239.5,1.1406
2016-04-11,40.46,2041.99,1254.75,1.1412
2016-04-12,42.12,2061.72,1254.6,1.1395
2016-04-13,41.7,2082.42,1245.75,1.1281
2016-04-14,41.45,2082.78,1233.85,1.1262
2016-04-15,40.4,2080.73,1227.1,1.1295
2016-04-18,39.74,2094.34,1234.3,1.1322
2016-04-19,40.88,2100.8,1255.4,1.1375
2016-04-20,42.72,2102.4,1252,1.133
2016-04-21,43.18,2091.48,1249.25,1.1301
2016-04-22,42.76,2091.58,1243.25,1.1239
2016-04-25,41.67,2087.79,1238.9,1.1274
2016-04-26,42.52,2091.7,1241.7,1.1318
2016-04-27,45.29,2095.15,1247.4,1.1322
2016-04-28,46.03,2075.81,1256,1.1325
2016-04-29,45.98,2065.3,1285.65,1.1441
2016-05-03,43.65,2063.37,1294,1.1508
2016-05-04,43.77,2051.12,1283,1.1486
2016-05-05,44.33,2050.63,1280.25,1.1404
2016-05-06,44.58,2057.14,1289,1.1421
2016-05-09,43.45,2058.69,1265.25,1.1402
2016-05-10,44.68,2084.39,1262.8,1.1386
2016-05-11,46.21,2064.46,1276.85,1.1444
2016-05-12,46.64,2064.11,1279.25,1.138
2016-05-13,46.22,2046.61,1265.9,1.1294
2016-05-16,47.72,2066.66,1285.75,1.1328
2016-05-17,48.29,2047.21,1277,1.1337
2016-05-18,48.12,2047.63,1272.9,1.1276
2016-05-19,48.16,2040.04,1246.25,1.1214
2016-05-20,47.67,2052.32,1254.2,1.1207
2016-05-23,48.12,2048.04,1245.9,1.1192
2016-05-24,48.04,2076.06,1236.85,1.1145
2016-05-25,49.1,2090.54,1220.6,1.1154
2016-05-26,49,2090.1,1223.85,1.1184
2016-05-27,49.36,2099.06,1216.25,1.114
2016-05-31,49.1,2096.96,1212.1,1.1135
2016-06-01,49.07,2099.33,1214.5,1.1165
2016-06-02,49.14,2105.26,1212.4,1.1157
2016-06-03,48.69,2099.13,1240.5,1.133
2016-06-06,49.71,2109.41,1244,1.1354
2016-06-07,50.37,2112.13,1241,1.135
2016-06-08,51.23,2119.12,1263,1.14
2016-06-09,50.52,2115.48,1263.9,1.1329
2016-06-10,49.09,2096.07,1275.5,1.1281
2016-06-13,48.89,2079.06,1280.8,1.1282
2016-06-14,48.49,2075.32,1287.15,1.1206
2016-06-15,47.92,2071.5,1283.3,1.1239
2016-06-16,46.14,2077.99,1310.75,1.1158
2016-06-17,48,2071.22,1290.7,1.1256
2016-06-20,49.4,2083.25,1281.8,1.1318
2016-06-21,48.95,2088.9,1272.6,1.1262
2016-06-22,49.16,2085.45,1264.85,1.1286
2016-06-23,49.34,2113.32,1262.15,1.1373
2016-06-24,46.7,2037.41,1315.5,1.1126
2016-06-27,45.8,2000.54,1324.55,1.1024
2016-06-28,47.93,2036.09,1309.7,1.1054
2016-06-29,49.85,2070.77,1321.5,1.1117
2016-06-30,48.27,2098.86,1320.75,1.1032
2016-07-01,49.02,2102.95,1340,1.1145
2016-07-05,46.73,2088.55,1350.75,1.108
2016-07-06,47.37,2099.73,1366.25,1.1077
2016-07-07,45.22,2097.9,1356.7,1.1065
2016-07-08,45.37,2129.9,1354.25,1.1038
2016-07-11,44.73,2137.16,1357.1,1.1045
2016-07-12,46.82,2152.14,1342.4,1.1074
2016-07-13,44.87,2152.43,1342.75,1.1112
2016-07-14,45.64,2163.75,1323.6,1.1109
2016-07-15,45.93,2161.74,1327,1.1059
2016-07-18,45.23,2166.89,1334.7,1.1076
2016-07-19,44.64,2163.78,1330.9,1.1014
2016-07-20,44.96,2173.02,1315.9,1.1007
2016-07-21,43.96,2165.17,1321.15,1.1016
2016-07-22,43.41,2175.03,1320.75,1.0968
2016-07-25,42.4,2168.48,1313.15,1.098
2016-07-26,42.16,2169.18,1323,1.0984
2016-07-27,41.9,2166.58,1329,1.0988
2016-07-28,41.13,2170.06,1341.75,1.1094
2016-07-29,41.54,2173.6,1342,1.1168
2016-08-01,40.05,2170.84,1349.65,1.1176
2016-08-02,39.5,2157.03,1363.75,1.1225
2016-08-03,40.8,2163.79,1358.9,1.117
2016-08-04,41.92,2164.25,1362.75,1.1134
2016-08-05,41.83,2182.87,1340.4,1.108
2016-08-08,43.06,2180.89,1336.8,1.1078
2016-08-09,42.78,2181.74,1341,1.111
2016-08-10,41.75,2175.49,1347.7,1.1171
2016-08-11,43.51,2185.79,1355,1.1168
2016-08-12,44.47,2184.05,1352.2,1.1172
2016-08-15,45.72,2190.15,1339.4,1.1199
2016-08-16,46.57,2178.15,1344,1.1277
2016-08-17,46.81,2182.22,1343.35,1.1263
2016-08-18,48.2,2187.02,1350.05,1.1334
2016-08-19,48.48,2183.87,1346.4,1.1326
2016-08-22,46.8,2182.64,1335.9,1.1314
2016-08-23,47.54,2186.9,1342,1.1308
2016-08-24,46.29,2175.44,1327.25,1.1256
2016-08-25,46.97,2172.47,1321.3,1.1274
2016-08-26,47.64,2169.04,1318.75,1.1237
2016-08-30,46.32,2176.12,1318.15,1.115
2016-08-31,44.68,2170.95,1309.25,1.1146
2016-09-01,43.17,2170.86,1309.5,1.1194
2016-09-02,44.39,2179.98,1324.7,1.1158
2016-09-06,44.85,2186.48,1337.25,1.1237
2016-09-07,45.47,2186.16,1348.35,1.1238
2016-09-08,47.63,2181.3,1343.4,1.1256
2016-09-09,45.88,2127.81,1330.85,1.1214
2016-09-12,46.28,2159.04,1324.6,1.123
2016-09-13,44.91,2127.02,1323.65,1.1242
2016-09-14,43.62,2125.77,1321.75,1.1271
2016-09-15,43.85,2147.26,1310.8,1.1246
2016-09-16,43.04,2139.16,1308.35,1.116
2016-09-19,43.34,2139.12,1314.85,1.1179
2016-09-20,43.85,2139.76,1313.8,1.1172
2016-09-21,45.33,2163.12,1326.1,1.1165
2016-09-22,46.1,2177.18,1339.1,1.1229
2016-09-23,44.36,2164.69,1338.65,1.1223
2016-09-26,45.6,2146.1,1340.5,1.127
2016-09-27,44.65,2159.93,1327,1.1208
2016-09-28,47.07,2171.37,1322.5,1.12
2016-09-29,47.72,2151.13,1318.1,1.1244
2016-09-30,47.72,2168.27,1322.5,1.1238
2016-10-03,48.8,2161.2,1313.3,1.121
2016-10-04,48.67,2150.49,1283.3,1.1212
2016-10-05,49.75,2159.73,1269.4,1.1196
2016-10-06,50.44,2160.77,1254.5,1.1158
2016-10-07,49.76,2153.74,1258.75,1.1156
2016-10-11,50.72,2136.73,1253.45,1.1062
2016-10-12,50.14,2139.18,1256.5,1.1014
2016-10-13,50.47,2132.55,1261.05,1.1038
2016-10-14,50.35,2132.98,1251.75,1.0985
2016-10-17,49.97,2126.5,1254.8,1.1
2016-10-18,50.3,2139.6,1258.2,1.0997
2016-10-19,51.59,2144.29,1269.05,1.0966
2016-10-20,50.31,2141.34,1271.65,1.0934
2016-10-21,50.61,2141.16,1266.05,1.0866
2016-10-24,50.18,2151.33,1265.55,1.0888
2016-10-25,49.45,2143.16,1269.4,1.089
2016-10-26,48.75,2139.43,1270.5,1.0916
2016-10-27,49.71,2133.04,1266.25,1.0904
2016-10-28,48.72,2126.41,1273,1.0934
2016-10-31,46.83,2126.15,1272,1.0962
2016-11-01,46.66,2111.72,1288.45,1.1042
2016-11-02,45.32,2097.94,1303.75,1.1119
2016-11-03,44.66,2088.66,1301,1.1094
2016-11-04,44.07,2085.18,1302.8,1.1121
2016-11-07,44.88,2131.52,1283.05,1.1038
2016-11-08,44.96,2139.56,1282.35,1.1034
2016-11-09,45.2,2163.26,1281.4,1.0952
2016-11-10,44.62,2167.48,1267.5,1.0882
2016-11-14,43.29,2164.2,1213.6,1.0723
2016-11-15,45.86,2180.39,1226.95,1.0726
2016-11-16,45.56,2176.94,1229.2,1.0699
2016-11-17,45.37,2187.12,1226.75,1.0656
2016-11-18,45.69,2181.9,1211,1.06
2016-11-21,47.48,2198.18,1214.25,1.0597
2016-11-22,48.07,2202.94,1212.25,1.0618
2016-11-23,46.72,2204.72,1185.35,1.056
2016-11-25,46.72,2213.35,1187.7,1.0595
2016-11-28,45.66,2201.72,1187,1.0576
2016-11-29,45.29,2204.66,1186.55,1.0626
2016-11-30,49.41,2198.81,1178.1,1.0578
2016-12-01,51.08,2191.08,1161.85,1.0634
2016-12-02,51.7,2191.95,1173.5,1.0666
2016-12-05,51.72,2204.71,1162.2,1.0723
2016-12-06,50.95,2212.23,1172.5,1.0717
2016-12-07,49.85,2241.35,1177.65,1.0758
2016-12-08,50.84,2246.19,1171.05,1.0625
2016-12-09,51.51,2259.53,1163.6,1.0541
2016-12-12,52.74,2256.96,1156.1,1.0606
2016-12-13,52.99,2271.72,1158.55,1.0635
2016-12-14,51.01,2253.28,1162.25,1.0656
2016-12-15,50.9,2262.03,1126.95,1.0375
2016-12-16,51.93,2258.07,1131.6,1.0456
2016-12-19,52.13,2262.53,1136.25,1.0444
2016-12-20,52.22,2270.76,1125.7,1.039
2016-12-21,51.44,2265.18,1133.65,1.0425
2016-12-22,51.98,2260.96,1131.35,1.0452
2016-12-28,54.01,2249.92,1134.6,1.0389
2016-12-29,53.8,2249.26,1145.9,1.0486
2017-01-03,52.36,2257.83,1151,1.0416
2017-01-04,53.26,2270.75,1164.25,1.0476
2017-01-05,53.77,2269,1176.7,1.0598
2017-01-06,53.98,2276.98,1175.85,1.056
2017-01-09,51.95,2268.9,1178.5,1.0576
2017-01-10,50.82,2268.9,1189.5,1.0572
2017-01-11,52.19,2275.32,1178.55,1.0501
2017-01-12,53.01,2270.44,1205.05,1.0666
2017-01-13,52.36,2274.64,1190.35,1.0625
2017-01-17,52.45,2267.89,1216.05,1.0695
2017-01-18,51.12,2271.89,1214.75,1.0682
2017-01-19,51.39,2263.69,1196.05,1.063
2017-01-23,52.77,2265.2,1212.85,1.074
2017-01-24,52.38,2280.07,1216.8,1.0749
2017-01-25,52.14,2298.37,1195,1.0743
2017-01-26,53.24,2296.68,1189.7,1.067
2017-01-27,53.18,2294.69,1184.85,1.069
2017-01-30,52.63,2280.9,1192.8,1.0681
2017-01-31,52.75,2278.87,1212.8,1.0794
2017-02-01,53.9,2279.55,1203.65,1.0758
2017-02-02,53.55,2280.85,1221.95,1.0802
2017-02-03,53.81,2297.42,1215.2,1.0792
2017-02-06,53.01,2292.56,1226.75,1.0731
2017-02-07,52.19,2293.08,1231,1.069
2017-02-08,52.37,2294.67,1242.1,1.0708
2017-02-09,52.99,2307.87,1236.8,1.0658
2017-02-10,53.84,2316.1,1228.3,1.065
2017-02-13,52.96,2328.25,1222.25,1.0603
2017-02-14,53.21,2337.58,1230.75,1.0577
2017-02-15,53.11,2349.25,1224.4,1.0597
2017-02-16,53.41,2347.22,1240.55,1.066
2017-02-17,53.41,2351.16,1241.95,1.0614
2017-02-21,54.02,2365.38,1233.2,1.0551
2017-02-22,53.61,2362.82,1236.65,1.0555
2017-02-23,54.48,2363.81,1247.9,1.0586
2017-02-24,53.99,2367.34,1253.65,1.058
2017-02-27,54.04,2369.75,1257.2,1.0624
2017-02-28,54,2363.64,1255.6,1.0618
2017-03-01,53.82,2395.96,1240.4,1.0564
2017-03-02,52.63,2381.92,1238.1,1.0514
2017-03-03,53.33,2383.12,1226.5,1.0552
2017-03-06,53.19,2375.31,1230.95,1.0586
2017-03-07,52.68,2368.39,1216.65,1.0582
2017-03-08,49.83,2362.98,1209.2,1.0547
2017-03-09,48.75,2364.87,1206.55,1.0586
2017-03-10,48.05,2372.6,1202.65,1.0667
2017-03-13,47.95,2373.47,1204.2,1.067
2017-03-14,47.24,2365.45,1204.6,1.0645
2017-03-15,48.34,2385.26,1198.8,1.063
2017-03-16,48.3,2381.38,1229.35,1.0738
2017-03-17,48.34,2378.25,1229.6,1.0742
2017-03-20,47.79,2373.47,1232.4,1.0754
2017-03-21,47.02,2344.02,1241.6,1.081
2017-03-22,47.29,2348.45,1249.05,1.08
2017-03-23,47,2345.96,1247.5,1.0787
2017-03-24,47.3,2343.98,1247.5,1.0806
2017-03-27,47.02,2341.59,1257.55,1.0882
2017-03-28,48.36,2358.57,1257.25,1.0852
2017-03-29,49.47,2361.13,1251.1,1.0756
2017-03-30,50.3,2368.06,1248.8,1.0726
2017-03-31,50.54,2362.72,1244.85,1.0698
2017-04-03,50.25,2358.84,1247.25,1.0655
2017-04-04,50.99,2360.16,1257.65,1.0664
2017-04-05,51.14,2352.95,1245.8,1.0661
2017-04-06,51.69,2357.49,1252.5,1.0651
2017-04-07,52.25,2355.54,1266.45,1.0616
2017-04-10,53.06,2357.16,1250.05,1.0606
2017-04-11,53.38,2353.78,1252.9,1.0614
2017-04-12,53.12,2344.93,1274.3,1.0611
2017-04-13,53.19,2328.95,1284.15,1.063
2017-04-18,52.46,2342.19,1278.95,1.0706
2017-04-19,50.49,2338.17,1279.05,1.0707
2017-04-20,50.26,2355.84,1282.1,1.0758
2017-04-21,49.64,2348.69,1281.85,1.0694
2017-04-24,48.9,2374.15,1269.4,1.0846
2017-04-25,49.22,2388.61,1267.8,1.0941
2017-04-26,49.22,2387.45,1261.85,1.0872
2017-04-27,48.96,2388.77,1262.8,1.0864
2017-04-28,49.31,2384.2,1266.45,1.0895
2017-05-02,47.65,2391.17,1255.45,1.091
2017-05-03,47.79,2388.13,1250.3,1.092
2017-05-04,45.55,2389.52,1228.45,1.0967
2017-05-05,46.23,2399.29,1228.05,1.0996
2017-05-08,46.46,2399.38,1229.8,1.0928
2017-05-09,45.84,2396.92,1220.4,1.0875
2017-05-10,47.28,2399.63,1222.95,1.0873
2017-05-11,47.81,2394.44,1223.15,1.0869
2017-05-12,47.83,2390.9,1231.25,1.0926
2017-05-15,48.86,2402.32,1233.3,1.0979
2017-05-16,48.64,2400.67,1234.2,1.1072
2017-05-17,49.04,2357.03,1257.4,1.1134
2017-05-18,49.36,2365.72,1255.9,1.113
2017-05-19,50.32,2381.73,1252,1.119
2017-05-22,50.81,2394.02,1258.85,1.1236
2017-05-23,51.12,2398.42,1260.2,1.1198
2017-05-24,50.99,2404.39,1252.55,1.1175
2017-05-25,48.57,2415.07,1256.95,1.1218
2017-05-26,49.58,2415.82,1265.05,1.117
2017-05-30,49.63,2412.91,1262.7,1.1183
2017-05-31,48.29,2411.8,1266.2,1.1236
2017-06-01,48.32,2430.06,1264.85,1.1214
2017-06-02,47.68,2439.07,1274.95,1.127
2017-06-05,47.4,2436.1,1279.95,1.125
2017-06-06,48.13,2429.33,1293.5,1.1266
2017-06-07,45.8,2433.14,1291,1.1236
2017-06-08,45.68,2433.79,1273.1,1.1217
2017-06-09,45.82,2431.77,1266.55,1.119
2017-06-12,46.1,2429.39,1266.4,1.1204
2017-06-13,46.41,2440.35,1262,1.1194
2017-06-14,44.79,2437.92,1275.5,1.1277
2017-06-15,44.47,2432.46,1254.55,1.1152
2017-06-16,44.73,2433.15,1255.4,1.1194
2017-06-19,44.24,2453.46,1248.15,1.116
2017-06-20,43.34,2437.03,1242.2,1.1124
2017-06-21,42.48,2435.61,1242.5,1.1143
2017-06-22,42.53,2434.5,1250.8,1.1148
2017-06-23,42.86,2438.3,1255.7,1.1196
2017-06-26,43.24,2439.07,1245.25,1.1196
2017-06-27,44.25,2419.38,1249.55,1.13
2017-06-28,44.74,2440.69,1248,1.1364
2017-06-29,44.88,2419.7,1243.5,1.142
2017-06-30,46.02,2423.41,1242.25,1.1411
2017-07-05,45.11,2432.54,1220.3,1.1336
2017-07-06,45.52,2409.75,1224.9,1.1409
2017-07-07,44.25,2425.18,1215.65,1.1396
2017-07-10,44.4,2427.43,1211.9,1.1396
2017-07-11,45.06,2425.53,1211.05,1.143
2017-07-12,45.48,2443.25,1218.8,1.1411
2017-07-13,46.06,2447.83,1218.9,1.1385
2017-07-14,46.53,2459.27,1230.3,1.1452
2017-07-17,46.02,2459.14,1234.1,1.147
2017-07-18,46.4,2460.61,1240.75,1.1578
2017-07-19,47.1,2473.83,1242.15,1.1518
2017-07-20,46.73,2473.45,1238.7,1.1634
2017-07-21,45.78,2472.54,1248.55,1.1655
2017-07-24,46.21,2469.91,1255.55,1.1642
2017-07-25,47.77,2477.13,1254.4,1.1656
2017-07-26,48.58,2477.83,1248.1,1.1632
2017-07-27,49.05,2475.42,1261.1,1.1656
2017-07-28,49.72,2472.1,1264.9,1.1754
2017-07-31,50.21,2470.3,1267.55,1.1826
2017-08-01,49.19,2476.35,1270.95,1.1799
2017-08-02,49.6,2477.57,1269.6,1.1861
2017-08-03,49.03,2472.16,1268.1,1.188
2017-08-04,49.57,2476.83,1257.7,1.1754
2017-08-07,49.37,2480.91,1258,1.1788
2017-08-08,49.07,2474.92,1261.8,1.1724
2017-08-09,49.59,2474.02,1271.05,1.1748
2017-08-10,48.54,2438.21,1284.4,1.1751
2017-08-11,48.81,2441.32,1286.1,1.1811
2017-08-14,47.59,2465.84,1282.3,1.1786
2017-08-16,46.8,2468.11,1272.75,1.1703
2017-08-17,47.07,2430.01,1285.15,1.1736
2017-08-18,48.59,2425.55,1295.8,1.1748
2017-08-21,47.39,2428.37,1292.9,1.1814
2017-08-22,47.65,2452.51,1284.2,1.1762
2017-08-23,48.45,2444.04,1286.65,1.1802
2017-08-24,47.24,2438.97,1289,1.1801
2017-08-25,47.65,2443.05,1285.3,1.1874
2017-08-29,46.46,2446.3,1318.65,1.2025
2017-08-30,45.96,2457.59,1308.5,1.1927
2017-08-31,47.26,2471.65,1311.75,1.1894
2017-09-01,47.32,2476.55,1320.4,1.1878
2017-09-05,48.63,2457.85,1335.55,1.1911
2017-09-06,49.13,2465.54,1337.85,1.1943
2017-09-07,49.1,2465.1,1343.5,1.2028
2017-09-08,47.44,2461.43,1346.25,1.2041
2017-09-11,48.06,2488.11,1334.2,1.1964
2017-09-12,48.21,2496.48,1326.5,1.1968
2017-09-13,49.3,2498.37,1327.55,1.1898
2017-09-14,49.86,2495.62,1324.55,1.1886
2017-09-15,49.9,2500.23,1322.85,1.1959
2017-09-18,49.88,2503.87,1312.1,1.1938
2017-09-19,49.54,2506.65,1309.6,1.198
2017-09-20,50.29,2508.24,1311.3,1.1998
2017-09-21,50.58,2500.6,1292.1,1.1946
2017-09-22,50.33,2502.22,1294.8,1.1969
2017-09-25,51.85,2496.66,1293.3,1.1852
2017-09-26,51.59,2496.84,1300.05,1.1772
2017-09-27,52.14,2507.04,1282.55,1.1747
2017-09-28,51.62,2510.06,1283.35,1.1776
2017-09-29,51.67,2519.36,1283.1,1.1813
2017-10-02,50.59,2529.12,1273.7,1.1745
2017-10-03,50.44,2534.58,1271.25,1.1759
2017-10-04,50,2537.74,1274.25,1.176
2017-10-05,50.79,2552.07,1274.5,1.1706
2017-10-06,49.34,2549.33,1261.8,1.1732
2017-10-10,50.93,2550.64,1291.4,1.1804
2017-10-11,51.3,2555.24,1289.25,1.1847
2017-10-12,50.61,2550.93,1290.25,1.184
2017-10-13,51.43,2553.17,1299.6,1.1837
2017-10-16,51.86,2557.64,1303.3,1.181
2017-10-17,51.87,2559.36,1284.75,1.1754
2017-10-18,52.05,2561.26,1280.2,1.1775
2017-10-19,51.29,2562.1,1286.4,1.1842
2017-10-20,51.63,2575.21,1281.2,1.177
2017-10-23,51.91,2564.98,1274.9,1.1762
2017-10-24,52.32,2569.13,1276.45,1.1766
2017-10-25,51.97,2557.15,1275,1.1802
2017-10-26,52.41,2560.4,1273.75,1.17
2017-10-27,53.92,2581.07,1266.45,1.158
2017-10-30,54.11,2572.83,1272,1.1626
2017-10-31,54.36,2575.26,1270.15,1.1648
2017-11-01,54.32,2579.36,1277.05,1.1618
2017-11-02,54.55,2579.85,1279.2,1.1672
2017-11-03,55.63,2587.84,1267.2,1.1616
2017-11-06,57.34,2591.13,1270.9,1.16
2017-11-07,57.19,2590.64,1275.6,1.1577
2017-11-08,56.82,2594.38,1284,1.1591
2017-11-09,57.16,2584.62,1284.8,1.1648
2017-11-13,56.77,2584.84,1277.95,1.1656
2017-11-14,55.67,2578.87,1274.6,1.1764
2017-11-15,55.28,2564.62,1282.2,1.1794
2017-11-16,55.14,2585.64,1280,1.1772
2017-11-17,56.21,2578.85,1284.35,1.1799
2017-11-20,56.21,2582.14,1286.2,1.1741
2017-11-21,56.84,2599.03,1283.3,1.1741
2017-11-22,57.88,2597.08,1286.95,1.1789
2017-11-24,58.94,2602.42,1290.5,1.1936
2017-11-27,58.1,2601.42,1294.9,1.1911
2017-11-28,57.96,2627.04,1291.85,1.1878
2017-11-29,57.25,2626.07,1283.85,1.1858
2017-11-30,57.4,2647.58,1280.2,1.1898
2017-12-01,58.35,2642.22,1275.5,1.191
2017-12-04,57.48,2639.44,1273.45,1.1848
2017-12-05,57.66,2629.57,1266.3,1.182
2017-12-06,55.79,2629.27,1263.7,1.1788
2017-12-07,56.5,2636.98,1255,1.179
2017-12-08,57.15,2651.5,1250.65,1.1761
2017-12-11,57.84,2659.99,1247.15,1.1802
2017-12-12,57.12,2664.11,1240.9,1.1725
2017-12-13,56.59,2662.85,1242.65,1.1762
2017-12-14,57,2652.01,1251,1.1778
2017-12-15,57.29,2675.81,1254.6,1.1778
2017-12-18,57.17,2690.16,1260.6,1.1804
2017-12-19,57.49,2681.47,1260.35,1.1822
2017-12-20,58.09,2679.25,1264.55,1.1881
2017-12-21,58.34,2684.57,1264.55,1.1872
2017-12-27,59.67,2682.62,1279.4,1.1902
2017-12-28,59.84,2687.54,1291,1.1952
2018-01-02,60.37,2695.81,1312.05,1.205
2018-01-03,61.61,2713.06,1314.9,1.203
2018-01-04,61.98,2723.99,1314.5,1.2064
2018-01-05,61.49,2743.15,1317.15,1.2039
2018-01-08,61.73,2747.71,1319.95,1.1973
2018-01-09,62.92,2751.29,1311,1.1922
2018-01-10,63.6,2748.23,1319.75,1.1958
2018-01-11,63.81,2767.56,1323.05,1.2035
2018-01-12,64.22,2786.24,1326.8,1.213
2018-01-16,63.82,2776.42,1333.85,1.2244
2018-01-17,63.92,2802.56,1335.65,1.2229
2018-01-18,63.96,2798.03,1332.2,1.2238
2018-01-19,63.38,2810.3,1334.95,1.2238
2018-01-22,63.66,2832.97,1332.6,1.223
2018-01-23,64.45,2839.13,1333.4,1.2277
2018-01-24,65.69,2837.54,1353.7,1.239
2018-01-25,65.62,2839.25,1354.95,1.2488
2018-01-26,66.27,2872.87,1353.15,1.2422
2018-01-29,65.71,2853.53,1343.85,1.2352
2018-01-30,64.64,2822.43,1344.9,1.239
2018-01-31,64.82,2823.81,1345.05,1.2428
2018-02-01,65.92,2821.98,1341.35,1.2482
2018-02-02,65.5,2762.13,1331.15,1.2446
2018-02-05,64.18,2648.94,1333.6,1.2418
2018-02-06,63.48,2695.14,1331.4,1.2381
2018-02-07,61.91,2681.66,1324.65,1.2281
2018-02-08,61.3,2581,1315.45,1.2238
2018-02-09,59.2,2619.55,1314.1,1.2226
2018-02-12,59.41,2656,1322.3,1.2267
2018-02-13,59.33,2662.94,1325.35,1.2363
2018-02-14,60.7,2698.63,1336.25,1.2396
2018-02-15,61.48,2731.2,1352.45,1.2482
2018-02-16,61.89,2732.22,1352.1,1.2442
2018-02-20,61.91,2716.26,1339.85,1.2348
2018-02-21,61.73,2701.33,1330.5,1.2314
2018-02-22,62.72,2703.96,1328.35,1.2326
2018-02-23,63.52,2747.3,1327.95,1.2298
2018-02-26,63.81,2779.6,1333.5,1.2296
2018-02-27,62.94,2744.28,1325.75,1.2239
2018-02-28,61.43,2713.83,1317.85,1.2211
2018-03-01,60.98,2677.67,1307.75,1.2216
2018-03-02,61.19,2691.25,1322.3,1.2314
2018-03-05,62.49,2720.94,1320.4,1.233
2018-03-06,62.54,2728.12,1331.4,1.2415
2018-03-07,61.09,2726.8,1329.4,1.2397
2018-03-08,60.13,2738.97,1321,1.2314
2018-03-09,62.02,2786.57,1320.6,1.2326
2018-03-12,61.35,2783.02,1319.15,1.2318
2018-03-13,60.69,2765.31,1322.75,1.2398
2018-03-14,60.89,2749.48,1323.55,1.2362
2018-03-15,61.16,2747.33,1318.75,1.2321
2018-03-16,62.29,2752.01,1310.1,1.228
2018-03-19,62.01,2712.92,1312.4,1.2329
2018-03-20,63.37,2716.94,1311,1.2271
2018-03-21,65.1,2711.93,1321.35,1.2268
2018-03-22,64.25,2643.69,1329.15,1.231
2018-03-23,65.8,2588.26,1346.6,1.236
2018-03-26,65.49,2658.55,1352.4,1.244
2018-03-27,65.21,2612.62,1341.45,1.241
2018-03-28,64.3,2605,1332.45,1.2351
2018-03-29,64.87,2640.87,1323.85,1.2297
2018-04-03,63.41,2614.45,1333.45,1.2261
2018-04-04,63.35,2644.69,1337.3,1.2292
2018-04-05,63.53,2662.84,1327.7,1.223
2018-04-06,62.03,2604.47,1331.2,1.2274
2018-04-09,63.4,2613.16,1331.95,1.232
2018-04-10,65.48,2656.87,1338.95,1.2338
2018-04-11,66.81,2642.19,1350.75,1.2384
2018-04-12,67.07,2663.99,1341.35,1.232
2018-04-13,67.35,2656.3,1343.7,1.2322
2018-04-16,66.23,2677.84,1349.35,1.2373
2018-04-17,66.5,2706.39,1342.1,1.2345
2018-04-18,68.44,2708.64,1351.45,1.238
2018-04-19,68.3,2693.13,1348.6,1.2336
2018-04-20,68.26,2670.14,1336.75,1.2282
2018-04-23,67.61,2670.29,1324.3,1.2216
2018-04-24,67.66,2634.56,1328.85,1.2226
2018-04-25,68,2639.4,1321.65,1.2178
2018-04-26,68.18,2666.94,1320.7,1.2113
2018-04-27,68.11,2669.91,1321.5,1.2108
2018-04-30,68.56,2648.05,1313.2,1.2074
2018-05-01,67.28,2654.8,1307.1,1.2
2018-05-02,67.91,2635.67,1304.2,1.1968
2018-05-03,68.45,2629.73,1315.05,1.197
2018-05-04,69.71,2663.42,1309.4,1.1946
2018-05-08,68.83,2671.92,1306.6,1.1863
2018-05-09,71.16,2697.79,1313.85,1.1852
2018-05-10,71.36,2723.07,1318.8,1.1896
2018-05-11,70.69,2727.72,1324.35,1.1951
2018-05-14,71.01,2730.13,1319.85,1.1976
2018-05-15,71.34,2711.45,1295,1.1864
2018-05-16,71.43,2722.46,1291.25,1.1788
2018-05-17,71.47,2720.13,1289.5,1.1798
2018-05-18,71.23,2712.97,1288.3,1.1775
2018-05-21,72.26,2733.01,1288.35,1.1768
2018-05-22,72.09,2724.44,1293.05,1.1783
2018-05-23,71.85,2733.29,1289,1.1693
2018-05-24,70.77,2727.76,1304.85,1.1729
2018-05-25,67.92,2721.33,1303.5,1.1666
2018-05-29,66.8,2689.86,1295.5,1.1551
2018-05-30,68.24,2724.01,1300.7,1.1664
2018-05-31,66.98,2705.27,1305.35,1.167
2018-06-01,65.81,2734.62,1294.6,1.1679
2018-06-04,64.76,2746.87,1295.45,1.1696
2018-06-05,65.51,2748.8,1292.05,1.1672
2018-06-06,64.75,2772.35,1300.1,1.1778
2018-06-07,65.96,2770.37,1297.25,1.1815
2018-06-08,65.77,2779.03,1298.25,1.1773
2018-06-11,66.1,2782,1299.6,1.1802
2018-06-12,66.38,2786.85,1298.65,1.1792
2018-06-13,66.63,2775.63,1296.15,1.1784
2018-06-14,66.91,2782.49,1302.75,1.1634
2018-06-15,65.01,2779.66,1285.25,1.1616
